<?xml version="1.0" encoding="utf-8"?>
<feed xmlns="http://www.w3.org/2005/Atom">
<title>YYYY_SCOUT_TITLE_YYYY</title>
<subtitle>YYYY_SCOUT_SUBTITLE_YYYY</subtitle>
<link rel="alternate" type="text/html" href="YYYY_SCOUT_URL_YYYY" />
<link rel="self" type="application/atom+xml" href="YYYY_SCOUT_URL_YYYY/atom.xml" />
<id>YYYY_SCOUT_URL_YYYY/atom.xml</id>
<updated>YYYY_SCOUT_CURRENTDATE_YYYY</updated>
<rights>Copyright © YYYY_SCOUT_CURRENTYEAR_YYYY, YYYY_SCOUT_AUTHOR_YYYY</rights>

 
YYYY_SCOUT_5ATOMPOSTS_YYYY
    
//    Import from atomTemplate.xml

 
</feed>
