{
    "AWSTemplateFormatVersion" : "2010-09-09",
    "Description" : "Core Template - VPC, Subnets, Security Groups, IAM Profiles, Routing.",
        
    "Parameters" : {

                "InstanceType" : {
          "Description" : "EC2 instance type",
          "Type" : "String",
          "Default" : "m1.small",
          "AllowedValues" : [ "t1.micro", "t2.micro", "t2.small", "t2.medium", "m1.small", "m1.medium", "m1.large", "m1.xlarge", "m2.xlarge", "m2.2xlarge", "m2.4xlarge", "m3.medium", "m3.large", "m3.xlarge", "m3.2xlarge", "c1.medium", "c1.xlarge", "c3.large", "c3.xlarge", "c3.2xlarge", "c3.4xlarge", "c3.8xlarge", "c4.large", "c4.xlarge", "c4.2xlarge", "c4.4xlarge", "c4.8xlarge", "g2.2xlarge", "r3.large", "r3.xlarge", "r3.2xlarge", "r3.4xlarge", "r3.8xlarge", "i2.xlarge", "i2.2xlarge", "i2.4xlarge", "i2.8xlarge", "d2.xlarge", "d2.2xlarge", "d2.4xlarge", "d2.8xlarge", "hi1.4xlarge", "hs1.8xlarge", "cr1.8xlarge", "cc2.8xlarge", "cg1.4xlarge"],
          "ConstraintDescription" : "must be a valid EC2 instance type."
        },

        "KeyName": {
          "Description" : "Name of an existing EC2 KeyPair to enable SSH access to the instance",
          "Type": "AWS::EC2::KeyPair::KeyName",
          "ConstraintDescription" : "must be the name of an existing EC2 KeyPair.",
          "Default" : "jbuys-primary"
        },
        
        "QASubnetAZs": {
          "Default": "us-west-2a,us-west-2c",
          "Type": "CommaDelimitedList",
          "Description": "AZ(s) that your Subnet(s) support"
        }
    },

    "Mappings" : {

                
        "AWSInstanceType2Arch" : {
          "t1.micro"    : { "Arch" : "PV64"   },
          "t2.micro"    : { "Arch" : "HVM64"  },
          "t2.small"    : { "Arch" : "HVM64"  },
          "t2.medium"   : { "Arch" : "HVM64"  },
          "m1.small"    : { "Arch" : "PV64"   },
          "m1.medium"   : { "Arch" : "PV64"   },
          "m1.large"    : { "Arch" : "PV64"   },
          "m1.xlarge"   : { "Arch" : "PV64"   },
          "m2.xlarge"   : { "Arch" : "PV64"   },
          "m2.2xlarge"  : { "Arch" : "PV64"   },
          "m2.4xlarge"  : { "Arch" : "PV64"   },
          "m3.medium"   : { "Arch" : "HVM64"  },
          "m3.large"    : { "Arch" : "HVM64"  },
          "m3.xlarge"   : { "Arch" : "HVM64"  },
          "m3.2xlarge"  : { "Arch" : "HVM64"  },
          "m4.large"    : { "Arch" : "PV64"  },
          "m4.large"    : { "Arch" : "HVM64"  },
          "c1.medium"   : { "Arch" : "PV64"   },
          "c1.xlarge"   : { "Arch" : "PV64"   },
          "c3.large"    : { "Arch" : "HVM64"  },
          "c3.xlarge"   : { "Arch" : "HVM64"  },
          "c3.2xlarge"  : { "Arch" : "HVM64"  },
          "c3.4xlarge"  : { "Arch" : "HVM64"  },
          "c3.8xlarge"  : { "Arch" : "HVM64"  },
          "c4.large"    : { "Arch" : "HVM64"  },
          "c4.xlarge"   : { "Arch" : "HVM64"  },
          "c4.2xlarge"  : { "Arch" : "HVM64"  },
          "c4.4xlarge"  : { "Arch" : "HVM64"  },
          "c4.8xlarge"  : { "Arch" : "HVM64"  },
          "r3.large"    : { "Arch" : "HVM64"  },
          "r3.xlarge"   : { "Arch" : "HVM64"  },
          "r3.2xlarge"  : { "Arch" : "HVM64"  },
          "r3.4xlarge"  : { "Arch" : "HVM64"  },
          "r3.8xlarge"  : { "Arch" : "HVM64"  },
          "i2.xlarge"   : { "Arch" : "HVM64"  },
          "i2.2xlarge"  : { "Arch" : "HVM64"  },
          "i2.4xlarge"  : { "Arch" : "HVM64"  },
          "i2.8xlarge"  : { "Arch" : "HVM64"  },
          "d2.xlarge"   : { "Arch" : "HVM64"  },
          "d2.2xlarge"  : { "Arch" : "HVM64"  },
          "d2.4xlarge"  : { "Arch" : "HVM64"  },
          "d2.8xlarge"  : { "Arch" : "HVM64"  },
          "hi1.4xlarge" : { "Arch" : "HVM64"  },
          "hs1.8xlarge" : { "Arch" : "HVM64"  },
          "cr1.8xlarge" : { "Arch" : "HVM64"  },
          "cc2.8xlarge" : { "Arch" : "HVM64"  }
        }
    ,
        "AWSRegionArch2AMI" : {
          "us-east-1"        : {"PV64" : "ami-d6033bbe", "HVM64" : "ami-d2033bba"},
          "us-west-2"        : {"PV64" : "ami-39280209", "HVM64" : "ami-37280207"},
          "us-west-1"        : {"PV64" : "ami-4df91b09", "HVM64" : "ami-43f91b07"},
          "eu-west-1"        : {"PV64" : "ami-2f422358", "HVM64" : "ami-21422356"},
          "eu-central-1"     : {"PV64" : "ami-8c003c91", "HVM64" : "ami-92003c8f"},
          "ap-northeast-1"   : {"PV64" : "ami-9eb9439e", "HVM64" : "ami-9cb9439c"},
          "ap-southeast-1"   : {"PV64" : "ami-a2cefcf0", "HVM64" : "ami-a0cefcf2"},
          "ap-southeast-2"   : {"PV64" : "ami-d53845ef", "HVM64" : "ami-cb3845f1"},
          "sa-east-1"        : {"PV64" : "ami-9be66386", "HVM64" : "ami-99e66384"}
        }



    },

    "Resources" : {

                "QAVPC": {
            "Type" : "AWS::EC2::VPC",
            "Properties" : {
                "CidrBlock": "10.30.0.0/16",
                "EnableDnsSupport" : "true",
      			"EnableDnsHostnames" : "true",
                "Tags" : [ 
                    { "Key" : "Application", "Value" : { "Ref" : "AWS::StackId"}},
                    { "Key" : "Name", "Value" : "QAVPC" }
                ] 
            }
        },


        "QAPublicSubnetOne" : {
            "Type" : "AWS::EC2::Subnet",
            "Properties" : {
                "AvailabilityZone" : "us-west-2a",
                "VpcId" : { "Ref" : "QAVPC" },
                "CidrBlock" : "10.30.0.0/24",
                "Tags" : [ {"Key" : "Application", "Value" : { "Ref" : "AWS::StackId"} } ]
            }
        },

        "QAPublicSubnetTwo" : {
            "Type" : "AWS::EC2::Subnet",
            "Properties" : {
                "AvailabilityZone" : "us-west-2c",
                "VpcId" : { "Ref" : "QAVPC" },
                "CidrBlock" : "10.30.3.0/24",
                "Tags" : [ {"Key" : "Application", "Value" : { "Ref" : "AWS::StackId"} } ]
            }
        },

        "QAPrivateSubnetOne" : {
            "Type" : "AWS::EC2::Subnet",
            "Properties" : {
                "AvailabilityZone" : "us-west-2a",
                "VpcId" : { "Ref" : "QAVPC" },
                "CidrBlock" : "10.30.1.0/24",
                "Tags" : [ {"Key" : "Application", "Value" : { "Ref" : "AWS::StackId"} } ]
            }
        },

        "QAPrivateSubnetTwo" : {
            "Type" : "AWS::EC2::Subnet",
            "Properties" : {
                "AvailabilityZone" : "us-west-2c",
                "VpcId" : { "Ref" : "QAVPC" },
                "CidrBlock" : "10.30.2.0/24",
                "Tags" : [ {"Key" : "Application", "Value" : { "Ref" : "AWS::StackId"} } ]
            }
        },
        
		"QAPrivateSubnetThree" : {
            "Type" : "AWS::EC2::Subnet",
            "Properties" : {
                "AvailabilityZone" : "us-west-2a",
                "VpcId" : { "Ref" : "QAVPC" },
                "CidrBlock" : "10.30.4.0/24",
                "Tags" : [ {"Key" : "Application", "Value" : { "Ref" : "AWS::StackId"} } ]
            }
        },

        "QAPrivateSubnetFour" : {
            "Type" : "AWS::EC2::Subnet",
            "Properties" : {
                "AvailabilityZone" : "us-west-2c",
                "VpcId" : { "Ref" : "QAVPC" },
                "CidrBlock" : "10.30.5.0/24",
                "Tags" : [ {"Key" : "Application", "Value" : { "Ref" : "AWS::StackId"} } ]
            }
        },

		"QAPrivateSubnetFive" : {
            "Type" : "AWS::EC2::Subnet",
            "Properties" : {
                "AvailabilityZone" : "us-west-2a",
                "VpcId" : { "Ref" : "QAVPC" },
                "CidrBlock" : "10.30.6.0/24",
                "Tags" : [ {"Key" : "Application", "Value" : { "Ref" : "AWS::StackId"} } ]
            }
        },

        "QAPrivateSubnetSix" : {
            "Type" : "AWS::EC2::Subnet",
            "Properties" : {
                "AvailabilityZone" : "us-west-2c",
                "VpcId" : { "Ref" : "QAVPC" },
                "CidrBlock" : "10.30.7.0/24",
                "Tags" : [ {"Key" : "Application", "Value" : { "Ref" : "AWS::StackId"} } ]
            }
        },


        "QAInternetGateway" : {
            "Type" : "AWS::EC2::InternetGateway",
            "Properties" : {
                "Tags" : [ {"Key" : "Application", "Value" : { "Ref" : "AWS::StackId"} } ]
            }
        },

       "AttachQAGateway" : {
           "Type" : "AWS::EC2::VPCGatewayAttachment",
           "Properties" : {
               "VpcId" : { "Ref" : "QAVPC" },
               "InternetGatewayId" : { "Ref" : "QAInternetGateway" }
           }
           
       },


    "QARouteTable" : {
      "Type" : "AWS::EC2::RouteTable",
      "Properties" : {
        "VpcId" : {"Ref" : "QAVPC"},
        "Tags" : [ {"Key" : "Application", "Value" : { "Ref" : "AWS::StackId"} } ]
      }
    },

    "QARoute" : {
      "Type" : "AWS::EC2::Route",
      "DependsOn" : "AttachQAGateway",
      "Properties" : {
        "RouteTableId" : { "Ref" : "QARouteTable" },
        "DestinationCidrBlock" : "0.0.0.0/0",
        "GatewayId" : { "Ref" : "QAInternetGateway" }
      }
    },

    "QAPublicSubnetRouteTableAssociationOne" : {
      "Type" : "AWS::EC2::SubnetRouteTableAssociation",
      "Properties" : {
        "SubnetId" : { "Ref" : "QAPublicSubnetOne" },
        "RouteTableId" : { "Ref" : "QARouteTable" }
      }
    },

    "QAPublicSubnetRouteTableAssociationTwo" : {
      "Type" : "AWS::EC2::SubnetRouteTableAssociation",
      "Properties" : {
        "SubnetId" : { "Ref" : "QAPublicSubnetTwo" },
        "RouteTableId" : { "Ref" : "QARouteTable" }
      }
    },

    "QANATInstance" : {

       "Type" : "AWS::EC2::Instance",
       "Properties" : {
           "ImageId" : "ami-290f4119",
           "InstanceType" : "t2.micro",
           "KeyName" : "jbuys-primary",
           "SecurityGroupIds" : [{"Ref" : "QANATSecurityGroup"}],
           "SourceDestCheck" : "false",
           "SubnetId" : { "Ref" : "QAPublicSubnetOne" },
           "Tags" : [ 
               {"Key" : "Application", "Value" : { "Ref" : "AWS::StackId"} },
               {"Key" : "Name", "Value" : "QANATInstance" }
           ]
       }
    },

    "QANATElasticIp" : {

        "Type" : "AWS::EC2::EIP",
        "DependsOn" : "QAInternetGateway",
        "Properties" : {
            "InstanceId" : { "Ref" : "QANATInstance" },
            "Domain" : "vpc"
        }
    },

    "QANATRouteTable" : {
      "Type" : "AWS::EC2::RouteTable",
      "Properties" : {
        "VpcId" : {"Ref" : "QAVPC"},
        "Tags" : [ {"Key" : "Application", "Value" : { "Ref" : "AWS::StackId"} } ]
      }
    },

    "QANATRoute" : {
      "Type" : "AWS::EC2::Route",
      "DependsOn" : "AttachQAGateway",
      "Properties" : {
        "RouteTableId" : { "Ref" : "QANATRouteTable" },
        "DestinationCidrBlock" : "0.0.0.0/0",
        "InstanceId" : { "Ref" : "QANATInstance" }
      }
    },

    "QAPrivateOneSubnetRouteTableAssociation" : {
      "Type" : "AWS::EC2::SubnetRouteTableAssociation",
      "Properties" : {
        "SubnetId" : { "Ref" : "QAPrivateSubnetOne" },
        "RouteTableId" : { "Ref" : "QANATRouteTable" }
      }
    },

    "QAPrivateTwoSubnetRouteTableAssociation" : {
      "Type" : "AWS::EC2::SubnetRouteTableAssociation",
      "Properties" : {
        "SubnetId" : { "Ref" : "QAPrivateSubnetTwo" },
        "RouteTableId" : { "Ref" : "QANATRouteTable" }
      }
    },

    "QAPrivateThreeSubnetRouteTableAssociation" : {
      "Type" : "AWS::EC2::SubnetRouteTableAssociation",
      "Properties" : {
        "SubnetId" : { "Ref" : "QAPrivateSubnetThree" },
        "RouteTableId" : { "Ref" : "QANATRouteTable" }
      }
    },

    "QAPrivateFourSubnetRouteTableAssociation" : {
      "Type" : "AWS::EC2::SubnetRouteTableAssociation",
      "Properties" : {
        "SubnetId" : { "Ref" : "QAPrivateSubnetFour" },
        "RouteTableId" : { "Ref" : "QANATRouteTable" }
      }
    },

    "QAPrivateFiveSubnetRouteTableAssociation" : {
      "Type" : "AWS::EC2::SubnetRouteTableAssociation",
      "Properties" : {
        "SubnetId" : { "Ref" : "QAPrivateSubnetFive" },
        "RouteTableId" : { "Ref" : "QANATRouteTable" }
      }
    },

    "QAPrivateSixSubnetRouteTableAssociation" : {
      "Type" : "AWS::EC2::SubnetRouteTableAssociation",
      "Properties" : {
        "SubnetId" : { "Ref" : "QAPrivateSubnetSix" },
        "RouteTableId" : { "Ref" : "QANATRouteTable" }
      }
    },

            "QANetworkAcl" : {
        "Type" : "AWS::EC2::NetworkAcl",
        "Properties" : {
            "VpcId" : {"Ref" : "QAVPC"},
            "Tags" : [ {"Key" : "Application", "Value" : { "Ref" : "AWS::StackId"} } ]
        }
    },

    "QAPrivateNetworkAcl" : {
        "Type" : "AWS::EC2::NetworkAcl",
        "Properties" : {
            "VpcId" : {"Ref" : "QAVPC"},
            "Tags" : [ {"Key" : "Application", "Value" : { "Ref" : "AWS::StackId"} } ]
        }
    },
    
    "QAPrivateLBNetworkAcl" : {
        "Type" : "AWS::EC2::NetworkAcl",
        "Properties" : {
            "VpcId" : {"Ref" : "QAVPC"},
            "Tags" : [ {"Key" : "Application", "Value" : { "Ref" : "AWS::StackId"} } ]
        }
    },

    "QAPrivateDataNetworkAcl" : {
        "Type" : "AWS::EC2::NetworkAcl",
        "Properties" : {
            "VpcId" : {"Ref" : "QAVPC"},
            "Tags" : [ {"Key" : "Application", "Value" : { "Ref" : "AWS::StackId"} } ]
        }
    },



    "QASubnetNetworkAclAssociationOne" : {
        "Type" :  "AWS::EC2::SubnetNetworkAclAssociation",
        "Properties" : {
            "SubnetId" : { "Ref" : "QAPublicSubnetOne" },
            "NetworkAclId" : { "Ref" : "QANetworkAcl" }
        }
    },

    "QASubnetNetworkAclAssociationTwo" : {
        "Type" :  "AWS::EC2::SubnetNetworkAclAssociation",
        "Properties" : {
            "SubnetId" : { "Ref" : "QAPublicSubnetTwo" },
            "NetworkAclId" : { "Ref" : "QANetworkAcl" }
        }
    },

    "QAPrivateSubnetNetworkAclAssociationOne" : {
        "Type" :  "AWS::EC2::SubnetNetworkAclAssociation",
        "Properties" : {
            "SubnetId" : { "Ref" : "QAPrivateSubnetOne" },
            "NetworkAclId" : { "Ref" : "QAPrivateNetworkAcl" }
        }
    },

    "QAPrivateSubnetNetworkAclAssociationTwo" : {
        "Type" :  "AWS::EC2::SubnetNetworkAclAssociation",
        "Properties" : {
            "SubnetId" : { "Ref" : "QAPrivateSubnetTwo" },
            "NetworkAclId" : { "Ref" : "QAPrivateNetworkAcl" }
        }
    },

    "QAPrivateLBSubnetNetworkAclAssociationOne" : {
        "Type" :  "AWS::EC2::SubnetNetworkAclAssociation",
        "Properties" : {
            "SubnetId" : { "Ref" : "QAPrivateSubnetThree" },
            "NetworkAclId" : { "Ref" : "QAPrivateLBNetworkAcl" }
        }
    },

    "QAPrivateLBSubnetNetworkAclAssociationTwo" : {
        "Type" :  "AWS::EC2::SubnetNetworkAclAssociation",
        "Properties" : {
            "SubnetId" : { "Ref" : "QAPrivateSubnetFour" },
            "NetworkAclId" : { "Ref" : "QAPrivateLBNetworkAcl" }
        }
    },

    "QAPrivateDataSubnetNetworkAclAssociationOne" : {
        "Type" :  "AWS::EC2::SubnetNetworkAclAssociation",
        "Properties" : {
            "SubnetId" : { "Ref" : "QAPrivateSubnetFive" },
            "NetworkAclId" : { "Ref" : "QAPrivateDataNetworkAcl" }
        }
    },

    "QAPrivateDataSubnetNetworkAclAssociationTwo" : {
        "Type" :  "AWS::EC2::SubnetNetworkAclAssociation",
        "Properties" : {
            "SubnetId" : { "Ref" : "QAPrivateSubnetSix" },
            "NetworkAclId" : { "Ref" : "QAPrivateDataNetworkAcl" }
        }
    },





    "QAInboundSSHNetworkAclEntry" : {
        "Type" : "AWS::EC2::NetworkAclEntry",
        "Properties" : {
            "NetworkAclId" : {"Ref": "QANetworkAcl"},
            "RuleNumber" : "100",
            "Protocol" : "6",
            "RuleAction" : "allow",
            "Egress" : "false",
            "CidrBlock" : "0.0.0.0/0",
            "PortRange" : {"From" : "22", "To" : "22"}
        }
    },

    "QAInboundHTTPNetworkAclEntry" : {
        "Type" : "AWS::EC2::NetworkAclEntry",
        "Properties" : {
            "NetworkAclId" : {"Ref": "QANetworkAcl"},
            "RuleNumber" : "101",
            "Protocol" : "6",
            "RuleAction" : "allow",
            "Egress" : "false",
            "CidrBlock" : "0.0.0.0/0",
            "PortRange" : {"From" : "80", "To" : "80"}
        }
    },

    "QAInboundSSLNetworkAclEntry" : {
        "Type" : "AWS::EC2::NetworkAclEntry",
        "Properties" : {
            "NetworkAclId" : {"Ref": "QANetworkAcl"},
            "RuleNumber" : "102",
            "Protocol" : "6",
            "RuleAction" : "allow",
            "Egress" : "false",
            "CidrBlock" : "0.0.0.0/0",
            "PortRange" : {"From" : "443", "To" : "443"}
        }
    },

    "QAInboundResponsePortsNetworkAclEntry" : {
        "Type" : "AWS::EC2::NetworkAclEntry",
        "Properties" : {
            "NetworkAclId" : {"Ref": "QANetworkAcl"},
            "RuleNumber" : "104",
            "Protocol" : "6",
            "RuleAction" : "allow",
            "Egress" : "false",
            "CidrBlock" : "0.0.0.0/0",
            "PortRange" : {"From" : "1024", "To" : "65535"}
        }
    },
  
    "QAInboundUDPResponsePortsNetworkAclEntry" : {
        "Type" : "AWS::EC2::NetworkAclEntry",
        "Properties" : {
            "NetworkAclId" : {"Ref": "QANetworkAcl"},
            "RuleNumber" : "105",
            "Protocol" : "17",
            "RuleAction" : "allow",
            "Egress" : "false",
            "CidrBlock" : "0.0.0.0/0",
            "PortRange" : {"From" : "1024", "To" : "65535"}
        }
    },

    "QAOutboundAclEntry" : {
        "Type" : "AWS::EC2::NetworkAclEntry",
        "Properties" : {
            "NetworkAclId" : {"Ref": "QANetworkAcl"},
            "RuleNumber" : "200",
            "Protocol" : "6",
            "RuleAction" : "allow",
            "Egress" : "true",
            "CidrBlock" : "0.0.0.0/0",
            "PortRange" : {"From" : "1", "To" : "65535"}
        }
    },
    
    "QAOutboundUDPAclEntry" : {
        "Type" : "AWS::EC2::NetworkAclEntry",
        "Properties" : {
            "NetworkAclId" : {"Ref": "QANetworkAcl"},
            "RuleNumber" : "201",
            "Protocol" : "17",
            "RuleAction" : "allow",
            "Egress" : "true",
            "CidrBlock" : "0.0.0.0/0",
            "PortRange" : {"From" : "1", "To" : "65535"}
        }
    },

    "QAOutboundDNSAclEntry" : {
        "Type" : "AWS::EC2::NetworkAclEntry",
        "Properties" : {
            "NetworkAclId" : {"Ref": "QANetworkAcl"},
            "RuleNumber" : "202",
            "Protocol" : "17",
            "RuleAction" : "allow",
            "Egress" : "true",
            "CidrBlock" : "0.0.0.0/0",
            "PortRange" : {"From" : "53", "To" : "53"}
        }
    },





    "QAPrivateInboundSSHNetworkAclEntry" : {
        "Type" : "AWS::EC2::NetworkAclEntry",
        "Properties" : {
            "NetworkAclId" : {"Ref": "QAPrivateNetworkAcl"},
            "RuleNumber" : "300",
            "Protocol" : "6",
            "RuleAction" : "allow",
            "Egress" : "false",
            "CidrBlock" : "10.30.0.0/16",
            "PortRange" : {"From" : "22", "To" : "22"}
        }
    },

    "QAPrivateInboundHTTPNetworkAclEntry" : {
        "Type" : "AWS::EC2::NetworkAclEntry",
        "Properties" : {
            "NetworkAclId" : {"Ref": "QAPrivateNetworkAcl"},
            "RuleNumber" : "301",
            "Protocol" : "6",
            "RuleAction" : "allow",
            "Egress" : "false",
            "CidrBlock" : "10.30.0.0/16",
            "PortRange" : {"From" : "80", "To" : "80"}
        }
    },

    "QAPrivateInboundSSLNetworkAclEntry" : {
        "Type" : "AWS::EC2::NetworkAclEntry",
        "Properties" : {
            "NetworkAclId" : {"Ref": "QAPrivateNetworkAcl"},
            "RuleNumber" : "302",
            "Protocol" : "6",
            "RuleAction" : "allow",
            "Egress" : "false",
            "CidrBlock" : "10.30.0.0/16",
            "PortRange" : {"From" : "443", "To" : "443"}
        }
    },

    "QAPrivateInboundRDPNetworkAclEntry" : {
        "Type" : "AWS::EC2::NetworkAclEntry",
        "Properties" : {
            "NetworkAclId" : {"Ref": "QAPrivateNetworkAcl"},
            "RuleNumber" : "303",
            "Protocol" : "6",
            "RuleAction" : "allow",
            "Egress" : "false",
            "CidrBlock" : "10.30.0.0/16",
            "PortRange" : {"From" : "3389", "To" : "3389"}
        }
    },

    "QAPrivateInbound6379NetworkAclEntry" : {
        "Type" : "AWS::EC2::NetworkAclEntry",
        "Properties" : {
            "NetworkAclId" : {"Ref": "QAPrivateNetworkAcl"},
            "RuleNumber" : "308",
            "Protocol" : "6",
            "RuleAction" : "allow",
            "Egress" : "false",
            "CidrBlock" : "10.30.0.0/16",
            "PortRange" : {"From" : "6379", "To" : "6379"}
        }
    },

    "QAPrivateInbound8080NetworkAclEntry" : {
        "Type" : "AWS::EC2::NetworkAclEntry",
        "Properties" : {
            "NetworkAclId" : {"Ref": "QAPrivateNetworkAcl"},
            "RuleNumber" : "311",
            "Protocol" : "6",
            "RuleAction" : "allow",
            "Egress" : "false",
            "CidrBlock" : "10.30.0.0/16",
            "PortRange" : {"From" : "8080", "To" : "8080"}
        }
    },

    "QAPrivateInbound8888NetworkAclEntry" : {
        "Type" : "AWS::EC2::NetworkAclEntry",
        "Properties" : {
            "NetworkAclId" : {"Ref": "QAPrivateNetworkAcl"},
            "RuleNumber" : "312",
            "Protocol" : "6",
            "RuleAction" : "allow",
            "Egress" : "false",
            "CidrBlock" : "10.30.0.0/16",
            "PortRange" : {"From" : "8888", "To" : "8888"}
        }
    },


    "QAPrivateInboundResponsePortsNetworkAclEntry" : {
        "Type" : "AWS::EC2::NetworkAclEntry",
        "Properties" : {
            "NetworkAclId" : {"Ref": "QAPrivateNetworkAcl"},
            "RuleNumber" : "317",
            "Protocol" : "6",
            "RuleAction" : "allow",
            "Egress" : "false",
            "CidrBlock" : "0.0.0.0/0",
            "PortRange" : {"From" : "32768", "To" : "65535"}
        }
    },
        
	"QAPrivateInboundUDPResponsePortsNetworkAclEntry" : {
        "Type" : "AWS::EC2::NetworkAclEntry",
        "Properties" : {
            "NetworkAclId" : {"Ref": "QAPrivateNetworkAcl"},
            "RuleNumber" : "319",
            "Protocol" : "17",
            "RuleAction" : "allow",
            "Egress" : "false",
            "CidrBlock" : "0.0.0.0/0",
            "PortRange" : {"From" : "32768", "To" : "65535"}
        }
    },

    "QAPrivateOutboundResponsePortsAclEntry" : {
        "Type" : "AWS::EC2::NetworkAclEntry",
        "Properties" : {
            "NetworkAclId" : {"Ref": "QAPrivateNetworkAcl"},
            "RuleNumber" : "400",
            "Protocol" : "6",
            "RuleAction" : "allow",
            "Egress" : "true",
            "CidrBlock" : "0.0.0.0/0",
            "PortRange" : {"From" : "1", "To" : "65535"}
        }
    },
    
    "QAPrivateOutboundUDPResponsePortsAclEntry" : {
        "Type" : "AWS::EC2::NetworkAclEntry",
        "Properties" : {
            "NetworkAclId" : {"Ref": "QAPrivateNetworkAcl"},
            "RuleNumber" : "401",
            "Protocol" : "17",
            "RuleAction" : "allow",
            "Egress" : "true",
            "CidrBlock" : "0.0.0.0/0",
            "PortRange" : {"From" : "1", "To" : "65535"}
        }
    },



    
    "QAPrivateLBInboundSSHNetworkAclEntry" : {
        "Type" : "AWS::EC2::NetworkAclEntry",
        "Properties" : {
            "NetworkAclId" : {"Ref": "QAPrivateLBNetworkAcl"},
            "RuleNumber" : "500",
            "Protocol" : "6",
            "RuleAction" : "allow",
            "Egress" : "false",
            "CidrBlock" : "10.30.0.0/16",
            "PortRange" : {"From" : "22", "To" : "22"}
        }
    },

    "QAPrivateLBInboundHTTPNetworkAclEntry" : {
        "Type" : "AWS::EC2::NetworkAclEntry",
        "Properties" : {
            "NetworkAclId" : {"Ref": "QAPrivateLBNetworkAcl"},
            "RuleNumber" : "501",
            "Protocol" : "6",
            "RuleAction" : "allow",
            "Egress" : "false",
            "CidrBlock" : "10.30.0.0/16",
            "PortRange" : {"From" : "80", "To" : "80"}
        }
    },

    "QAPrivateLBInboundSSLNetworkAclEntry" : {
        "Type" : "AWS::EC2::NetworkAclEntry",
        "Properties" : {
            "NetworkAclId" : {"Ref": "QAPrivateLBNetworkAcl"},
            "RuleNumber" : "502",
            "Protocol" : "6",
            "RuleAction" : "allow",
            "Egress" : "false",
            "CidrBlock" : "10.30.0.0/16",
            "PortRange" : {"From" : "443", "To" : "443"}
        }
    },

    "QAPrivateLBInboundSyslogNetworkAclEntry" : {
        "Type" : "AWS::EC2::NetworkAclEntry",
        "Properties" : {
            "NetworkAclId" : {"Ref": "QAPrivateLBNetworkAcl"},
            "RuleNumber" : "503",
            "Protocol" : "6",
            "RuleAction" : "allow",
            "Egress" : "false",
            "CidrBlock" : "10.30.0.0/16",
            "PortRange" : {"From" : "514", "To" : "514"}
        }
    },

    "QAPrivateLBInboundResponsePortsNetworkAclEntry" : {
        "Type" : "AWS::EC2::NetworkAclEntry",
        "Properties" : {
            "NetworkAclId" : {"Ref": "QAPrivateLBNetworkAcl"},
            "RuleNumber" : "504",
            "Protocol" : "6",
            "RuleAction" : "allow",
            "Egress" : "false",
            "CidrBlock" : "0.0.0.0/0",
            "PortRange" : {"From" : "1024", "To" : "65535"}
        }
    },
    
    "QAPrivateLBInboundDNSResponsePortsNetworkAclEntry" : {
        "Type" : "AWS::EC2::NetworkAclEntry",
        "Properties" : {
            "NetworkAclId" : {"Ref": "QAPrivateLBNetworkAcl"},
            "RuleNumber" : "505",
            "Protocol" : "17",
            "RuleAction" : "allow",
            "Egress" : "false",
            "CidrBlock" : "0.0.0.0/0",
            "PortRange" : {"From" : "53", "To" : "53"}
        }
    },
    
    "QAPrivateLBInboundUDPResponsePortsNetworkAclEntry" : {
        "Type" : "AWS::EC2::NetworkAclEntry",
        "Properties" : {
            "NetworkAclId" : {"Ref": "QAPrivateLBNetworkAcl"},
            "RuleNumber" : "506",
            "Protocol" : "17",
            "RuleAction" : "allow",
            "Egress" : "false",
            "CidrBlock" : "0.0.0.0/0",
            "PortRange" : {"From" : "1024", "To" : "65535"}
        }
    },



    "QAPrivateLBOutboundResponsePortsAclEntry" : {
        "Type" : "AWS::EC2::NetworkAclEntry",
        "Properties" : {
            "NetworkAclId" : {"Ref": "QAPrivateLBNetworkAcl"},
            "RuleNumber" : "600",
            "Protocol" : "6",
            "RuleAction" : "allow",
            "Egress" : "true",
            "CidrBlock" : "0.0.0.0/0",
            "PortRange" : {"From" : "1", "To" : "65535"}
        }
    },

    "QAPrivateLBOutboundUDPResponsePortsAclEntry" : {
        "Type" : "AWS::EC2::NetworkAclEntry",
        "Properties" : {
            "NetworkAclId" : {"Ref": "QAPrivateLBNetworkAcl"},
            "RuleNumber" : "601",
            "Protocol" : "17",
            "RuleAction" : "allow",
            "Egress" : "true",
            "CidrBlock" : "0.0.0.0/0",
            "PortRange" : {"From" : "1", "To" : "65535"}
        }
    },


    "QAPrivateDataInboundSSHNetworkAclEntry" : {
        "Type" : "AWS::EC2::NetworkAclEntry",
        "Properties" : {
            "NetworkAclId" : {"Ref": "QAPrivateDataNetworkAcl"},
            "RuleNumber" : "500",
            "Protocol" : "6",
            "RuleAction" : "allow",
            "Egress" : "false",
            "CidrBlock" : "10.30.0.0/16",
            "PortRange" : {"From" : "22", "To" : "22"}
        }
    },

    "QAPrivateDataInboundHTTPNetworkAclEntry" : {
        "Type" : "AWS::EC2::NetworkAclEntry",
        "Properties" : {
            "NetworkAclId" : {"Ref": "QAPrivateDataNetworkAcl"},
            "RuleNumber" : "501",
            "Protocol" : "6",
            "RuleAction" : "allow",
            "Egress" : "false",
            "CidrBlock" : "10.30.0.0/16",
            "PortRange" : {"From" : "80", "To" : "80"}
        }
    },

    "QAPrivateDataInboundSSLNetworkAclEntry" : {
        "Type" : "AWS::EC2::NetworkAclEntry",
        "Properties" : {
            "NetworkAclId" : {"Ref": "QAPrivateDataNetworkAcl"},
            "RuleNumber" : "502",
            "Protocol" : "6",
            "RuleAction" : "allow",
            "Egress" : "false",
            "CidrBlock" : "10.30.0.0/16",
            "PortRange" : {"From" : "443", "To" : "443"}
        }
    },

    "QAPrivateDataInboundSyslogNetworkAclEntry" : {
        "Type" : "AWS::EC2::NetworkAclEntry",
        "Properties" : {
            "NetworkAclId" : {"Ref": "QAPrivateDataNetworkAcl"},
            "RuleNumber" : "503",
            "Protocol" : "6",
            "RuleAction" : "allow",
            "Egress" : "false",
            "CidrBlock" : "10.30.0.0/16",
            "PortRange" : {"From" : "514", "To" : "514"}
        }
    },








    "QAPrivateDataInboundSyslogNetworkAclEntry" : {
        "Type" : "AWS::EC2::NetworkAclEntry",
        "Properties" : {
            "NetworkAclId" : {"Ref": "QAPrivateDataNetworkAcl"},
            "RuleNumber" : "304",
            "Protocol" : "6",
            "RuleAction" : "allow",
            "Egress" : "false",
            "CidrBlock" : "10.30.0.0/16",
            "PortRange" : {"From" : "514", "To" : "514"}
        }
    },

    "QAPrivateDataInbound1434NetworkAclEntry" : {
        "Type" : "AWS::EC2::NetworkAclEntry",
        "Properties" : {
            "NetworkAclId" : {"Ref": "QAPrivateDataNetworkAcl"},
            "RuleNumber" : "305",
            "Protocol" : "6",
            "RuleAction" : "allow",
            "Egress" : "false",
            "CidrBlock" : "10.30.0.0/16",
            "PortRange" : {"From" : "1433", "To" : "1434"}
        }
    },

    "QAPrivateDataInbound4022NetworkAclEntry" : {
        "Type" : "AWS::EC2::NetworkAclEntry",
        "Properties" : {
            "NetworkAclId" : {"Ref": "QAPrivateDataNetworkAcl"},
            "RuleNumber" : "306",
            "Protocol" : "6",
            "RuleAction" : "allow",
            "Egress" : "false",
            "CidrBlock" : "10.30.0.0/16",
            "PortRange" : {"From" : "4022", "To" : "4022"}
        }
    },

    "QAPrivateDataInbound5043NetworkAclEntry" : {
        "Type" : "AWS::EC2::NetworkAclEntry",
        "Properties" : {
            "NetworkAclId" : {"Ref": "QAPrivateDataNetworkAcl"},
            "RuleNumber" : "307",
            "Protocol" : "6",
            "RuleAction" : "allow",
            "Egress" : "false",
            "CidrBlock" : "10.30.0.0/16",
            "PortRange" : {"From" : "5043", "To" : "5043"}
        }
    },


    "QAPrivateDataInbound7000NetworkAclEntry" : {
        "Type" : "AWS::EC2::NetworkAclEntry",
        "Properties" : {
            "NetworkAclId" : {"Ref": "QAPrivateDataNetworkAcl"},
            "RuleNumber" : "309",
            "Protocol" : "6",
            "RuleAction" : "allow",
            "Egress" : "false",
            "CidrBlock" : "10.30.0.0/16",
            "PortRange" : {"From" : "7000", "To" : "7001"}
        }
    },

    "QAPrivateDataInbound7199NetworkAclEntry" : {
        "Type" : "AWS::EC2::NetworkAclEntry",
        "Properties" : {
            "NetworkAclId" : {"Ref": "QAPrivateDataNetworkAcl"},
            "RuleNumber" : "310",
            "Protocol" : "6",
            "RuleAction" : "allow",
            "Egress" : "false",
            "CidrBlock" : "10.30.0.0/16",
            "PortRange" : {"From" : "7199", "To" : "7199"}
        }
    },









    "QAPrivateDataInbound9042NetworkAclEntry" : {
        "Type" : "AWS::EC2::NetworkAclEntry",
        "Properties" : {
            "NetworkAclId" : {"Ref": "QAPrivateDataNetworkAcl"},
            "RuleNumber" : "313",
            "Protocol" : "6",
            "RuleAction" : "allow",
            "Egress" : "false",
            "CidrBlock" : "10.30.0.0/16",
            "PortRange" : {"From" : "9042", "To" : "9042"}
        }
    },

    "QAPrivateDataInbound9160NetworkAclEntry" : {
        "Type" : "AWS::EC2::NetworkAclEntry",
        "Properties" : {
            "NetworkAclId" : {"Ref": "QAPrivateDataNetworkAcl"},
            "RuleNumber" : "314",
            "Protocol" : "6",
            "RuleAction" : "allow",
            "Egress" : "false",
            "CidrBlock" : "10.30.0.0/16",
            "PortRange" : {"From" : "9160", "To" : "9160"}
        }
    },

    "QAPrivateDataInbound12202NetworkAclEntry" : {
        "Type" : "AWS::EC2::NetworkAclEntry",
        "Properties" : {
            "NetworkAclId" : {"Ref": "QAPrivateDataNetworkAcl"},
            "RuleNumber" : "315",
            "Protocol" : "6",
            "RuleAction" : "allow",
            "Egress" : "false",
            "CidrBlock" : "10.30.0.0/16",
            "PortRange" : {"From" : "12202", "To" : "12202"}
        }
    },

    "QAPrivateDataInbound12900NetworkAclEntry" : {
        "Type" : "AWS::EC2::NetworkAclEntry",
        "Properties" : {
            "NetworkAclId" : {"Ref": "QAPrivateDataNetworkAcl"},
            "RuleNumber" : "316",
            "Protocol" : "6",
            "RuleAction" : "allow",
            "Egress" : "false",
            "CidrBlock" : "10.30.0.0/16",
            "PortRange" : {"From" : "12900", "To" : "12900"}
        }
    },

    "QAPrivateDataInboundResponsePortsNetworkAclEntry" : {
        "Type" : "AWS::EC2::NetworkAclEntry",
        "Properties" : {
            "NetworkAclId" : {"Ref": "QAPrivateDataNetworkAcl"},
            "RuleNumber" : "504",
            "Protocol" : "6",
            "RuleAction" : "allow",
            "Egress" : "false",
            "CidrBlock" : "0.0.0.0/0",
            "PortRange" : {"From" : "1024", "To" : "65535"}
        }
    },
    
    "QAPrivateDataInboundDNSResponsePortsNetworkAclEntry" : {
        "Type" : "AWS::EC2::NetworkAclEntry",
        "Properties" : {
            "NetworkAclId" : {"Ref": "QAPrivateDataNetworkAcl"},
            "RuleNumber" : "505",
            "Protocol" : "17",
            "RuleAction" : "allow",
            "Egress" : "false",
            "CidrBlock" : "0.0.0.0/0",
            "PortRange" : {"From" : "53", "To" : "53"}
        }
    },
    
    "QAPrivateDataInboundUDPResponsePortsNetworkAclEntry" : {
        "Type" : "AWS::EC2::NetworkAclEntry",
        "Properties" : {
            "NetworkAclId" : {"Ref": "QAPrivateDataNetworkAcl"},
            "RuleNumber" : "506",
            "Protocol" : "17",
            "RuleAction" : "allow",
            "Egress" : "false",
            "CidrBlock" : "0.0.0.0/0",
            "PortRange" : {"From" : "1024", "To" : "65535"}
        }
    },



    "QAPrivateDataOutboundResponsePortsAclEntry" : {
        "Type" : "AWS::EC2::NetworkAclEntry",
        "Properties" : {
            "NetworkAclId" : {"Ref": "QAPrivateDataNetworkAcl"},
            "RuleNumber" : "600",
            "Protocol" : "6",
            "RuleAction" : "allow",
            "Egress" : "true",
            "CidrBlock" : "0.0.0.0/0",
            "PortRange" : {"From" : "1", "To" : "65535"}
        }
    },

    "QAPrivateDataOutboundUDPResponsePortsAclEntry" : {
        "Type" : "AWS::EC2::NetworkAclEntry",
        "Properties" : {
            "NetworkAclId" : {"Ref": "QAPrivateDataNetworkAcl"},
            "RuleNumber" : "601",
            "Protocol" : "17",
            "RuleAction" : "allow",
            "Egress" : "true",
            "CidrBlock" : "0.0.0.0/0",
            "PortRange" : {"From" : "1", "To" : "65535"}
        }
    },


                "CoreInstanceProfile" : {
            "Type" : "AWS::IAM::InstanceProfile",
            "Properties" : {
                "Path" : "/",
                "Roles" : [
                    { "Ref" : "CoreInstanceRole" }
                ]
            }
        },

        "CoreInstanceRole": {
            "Type" : "AWS::IAM::Role",
            "Properties" : {
                "AssumeRolePolicyDocument" : {
                    "Version" : "2012-10-17",
                    "Statement" : [{
                        "Effect" : "Allow",
                        "Principal" : {
                            "Service" : [ "ec2.amazonaws.com" ]
                        },
                        "Action" : [ "sts:AssumeRole" ]
                    }]
                }
            }
        },

        "CloudWatchPolicy" : {
            "Type" : "AWS::IAM::Policy",
            "Properties" : {
                "PolicyName" : "CloudWatchPolicy",
                "PolicyDocument" : 
                {
                    "Version" : "2012-10-17",
                  "Statement": [
                    {
                      "Action": [
                        "cloudwatch:GetMetricStatistics",
                        "cloudwatch:ListMetrics",
                        "cloudwatch:PutMetricData",
                        "ec2:DescribeTags"
                      ],
                      "Effect": "Allow",
                      "Resource": "*"
                    }
                  ]
                    
                },
                "Roles" : [{
                    "Ref" : "CoreInstanceRole"
                }]

            }
        },

        "CodeDeployPolicy" : {
            "Type" : "AWS::IAM::Policy",
            "Properties" : {

                    "PolicyName" : "CodeDeployIAMPolicy",
                    "PolicyDocument" : 

                    {
                      "Version": "2012-10-17",
                      "Statement" : [
                        {
                          "Effect" : "Allow",
                          "Action" : [
                            "autoscaling:*",
                            "codedeploy:*",
                            "cloudformation:*",        
                            "ec2:*",
                            "elasticloadbalancing:*",
                            "iam:AddRoleToInstanceProfile",
                            "iam:CreateInstanceProfile",
                            "iam:CreateRole",
                            "iam:DeleteInstanceProfile",
                            "iam:DeleteRole",
                            "iam:DeleteRolePolicy",
                            "iam:GetInstanceProfile",
                            "iam:GetRole",
                            "iam:GetRolePolicy",
                            "iam:ListInstanceProfilesForRole",
                            "iam:ListRolePolicies",
                            "iam:ListRoles",
                            "iam:PassRole",
                            "iam:PutRolePolicy",
                            "iam:RemoveRoleFromInstanceProfile", 
                            "s3:*"
                          ],
                          "Resource" : "*"
                        }    
                      ]
                    },

                "Roles" : [{
                    "Ref" : "CoreInstanceRole"
                }]

            }
        },


            "DockerServerAutoScale": {
      "Type": "AWS::AutoScaling::AutoScalingGroup",

      "Properties": {
        "LaunchConfigurationName": {"Ref": "DockerServerLaunchConfig"},
        "MinSize": "1",
        "MaxSize": "1",
        "DesiredCapacity": "1",
        "LoadBalancerNames" : [{ "Ref" : "DockerELB" }],
        "Tags": [
            {"Key": "Name", "Value": { "Ref" : "AWS::StackName" }, "PropagateAtLaunch": true},
            {"Key": "Monitor", "Value":"yes" , "PropagateAtLaunch": true}
        ],
        "VPCZoneIdentifier": [ { "Ref" : "QAPrivateSubnetOne" }, { "Ref" : "QAPrivateSubnetTwo" } ],
        "AvailabilityZones": { "Ref": "QASubnetAZs" }
      }
    },

    "DockerServerLaunchConfig": {
      "Type": "AWS::AutoScaling::LaunchConfiguration",
      "Properties": {
          "SecurityGroups": [{ "Ref" : "QAInstanceSecurityGroup" }],
          "IamInstanceProfile" : { "Ref" : "CoreInstanceProfile" },
          "ImageId" : "ami-f0091d91",
        "InstanceType": "t2.micro",
        "KeyName": {"Ref": "KeyName"},
        "UserData" : { "Fn::Base64":
          { "Fn::Join": [ "", [
                "#!/bin/bash\n",
                "yum -y update\n",
                "yum install -y aws-cli nginx git ruby-devel gcc-c++ zlib-devel\n",
                "gem install bundle",
                "gem install io-console",
                "cd /home/ec2-user\n",
                "aws s3 cp s3://aws-codedeploy-us-east-1/latest/install . --region us-west-2\n",
                "chmod +x ./install\n",
                "./install auto\n",
                "echo \"127.0.0.1    `hostname`\" >> /etc/hosts\n"
            ] ]
          }
        }
      }
    },

    "DockerELB" : {
        "Type": "AWS::ElasticLoadBalancing::LoadBalancer",
        "Properties": {

            "Subnets": [ { "Ref" : "QAPublicSubnetOne" }, { "Ref" : "QAPublicSubnetTwo" } ],
            "CrossZone" : "true",
            "Listeners" : [
                    {
                        "InstancePort" : "80",
                        "InstanceProtocol" : "tcp",
                        "LoadBalancerPort" : "80",
                        "Protocol" : "tcp"
                    },
                    {
                        "InstancePort" : "8080",
                        "InstanceProtocol" : "tcp",
                        "LoadBalancerPort" : "8080",
                        "Protocol" : "tcp"
                    },
                    {
                        "InstancePort" : "443",
                        "InstanceProtocol" : "tcp",
                        "LoadBalancerPort" : "443",
                        "Protocol" : "tcp"
                    }
                ],
            "SecurityGroups": [{ "Ref" : "QALBSecurityGroup" }],
            "Scheme" : "internet-facing",
            "Tags": [{"Key": "Name", "Value": { "Ref" : "AWS::StackName" }}]

        }
        
    },

    "DockerScaleUpPolicy" : {
        "Type" : "AWS::AutoScaling::ScalingPolicy",
        "Properties" : {
            "AdjustmentType" : "ChangeInCapacity",
            "AutoScalingGroupName" : { "Ref" : "DockerServerAutoScale" },
            "Cooldown" : "150",
            "ScalingAdjustment" : "1"
        }
    },
   
    "DockerScaleDownPolicy" : {
        "Type" : "AWS::AutoScaling::ScalingPolicy",
        "Properties" : {
            "AdjustmentType" : "ChangeInCapacity",
            "AutoScalingGroupName" : { "Ref" : "DockerServerAutoScale" },
            "Cooldown" : "150",
            "ScalingAdjustment" : "-1"
        }
    },
   
   "DockerAlarmHigh" : {
       "Type" : "AWS::CloudWatch::Alarm",
       "Properties" : {
           "AlarmDescription" : "Alarm when instance CPU is greater than 90% for five minutes.",
           "MetricName" : "CPUUtilization",
           "Namespace" : "AWS/EC2",
           "Statistic" : "Average",
           "Period" : "300",
           "EvaluationPeriods" : "1",
           "Threshold" : "90",
           "AlarmActions" : [{ "Ref" : "DockerScaleUpPolicy" }],
           "Dimensions" : [
               {
                   "Name" : "AutoScalingGroupName",
                   "Value" : { "Ref" : "DockerServerAutoScale" } 
               }
           ],
           "ComparisonOperator" : "GreaterThanThreshold"
       }
   },

   "DockerAlarmLow" : {
       "Type" : "AWS::CloudWatch::Alarm",
       "Properties" : {
           "AlarmDescription" : "Scale down when instance CPU is less than 60% for five minutes.",
           "MetricName" : "CPUUtilization",
           "Namespace" : "AWS/EC2",
           "Statistic" : "Average",
           "Period" : "300",
           "EvaluationPeriods" : "1",
           "Threshold" : "60",
           "AlarmActions" : [{ "Ref" : "DockerScaleDownPolicy" }],
           "Dimensions" : [
               {
                   "Name" : "AutoScalingGroupName",
                   "Value" : { "Ref" : "DockerServerAutoScale" } 
               }
           ],
           "ComparisonOperator" : "LessThanThreshold"
       }
   },

            "QARailsS3Bucket" : {
       "Type" : "AWS::S3::Bucket",
		"Properties" : {
		  "BucketName" : "QARailsS3Bucket",
		  "Tags": [{"Key": "Stack", "Value": { "Ref" : "AWS::StackName" }}]
		}
    },

    "QARailsS3BucketPolicy" : {
       "Type" : "AWS::S3::BucketPolicy",
	   "Properties" : {
		  "Bucket" : { "Ref" : "QARailsS3Bucket" },
		  "PolicyDocument" : {
			  "Statement":[{
				"Action":[
					"s3:GetObject",
					"s3:PutObject",
					"s3:GetObject",
					"s3:DeleteObject"
					],
				"Effect":"Allow",
	    	  "Resource": { "Fn::Join" : ["", ["arn:aws:s3:::", { "Ref" : "QARailsS3Bucket" } , "/*" ]]},
	    	  "Principal":"*"
	    	  }]
		  }
		}
    },

	
        "CodeDeployApp" : {
  "Type" : "AWS::CodeDeploy::Application",
  "Properties" : {
    "ApplicationName" : "resque-brain"
  }
},

"CodeDeployRole": {
	"Type" : "AWS::IAM::Role",
	"Properties" : {
		"AssumeRolePolicyDocument" : {	
		  "Version": "2012-10-17",
		  "Statement": [
			{
			  "Sid": "",
			  "Effect": "Allow",
			  "Principal": {
				"Service": [
				  "codedeploy.amazonaws.com"
				]
			  },
			  "Action": "sts:AssumeRole"
			}
		  ]
		}
	}
},

"CodeDeployDeploymentGroup" : {
  "Type" : "AWS::CodeDeploy::DeploymentGroup",
  "Properties" : {
    "ApplicationName" : { "Ref" : "CodeDeployApp" } 
    "AutoScalingGroups" : [ { "Ref" : "DockerServerAutoScale" } ],
    "DeploymentConfigName" : "CodeDeployDefault.OneAtATime",
    "DeploymentGroupName" : "resque-brain-dep-group",
    "ServiceRoleArn" : { "Ref" : "CodeDeployRole" }
  }
},



            "QAInstanceSecurityGroup" : {
        "Type" : "AWS::EC2::SecurityGroup",
        "Properties" : {
            "VpcId" : { "Ref" : "QAVPC" },
            "GroupDescription" : "Basic web access from load balancer to application instance",
            "SecurityGroupIngress" : [
                {"IpProtocol" : "tcp", "FromPort" : "80", "ToPort" : "80", "SourceSecurityGroupId" : { "Ref" : "QALBSecurityGroup" }},
                {"IpProtocol" : "tcp", "FromPort" : "443", "ToPort" : "443", "SourceSecurityGroupId" : { "Ref" : "QALBSecurityGroup" }},
                {"IpProtocol" : "tcp", "FromPort" : "8080", "ToPort" : "8080", "SourceSecurityGroupId" : { "Ref" : "QALBSecurityGroup" }},
                {"IpProtocol" : "tcp", "FromPort" : "8888", "ToPort" : "8888", "SourceSecurityGroupId" : { "Ref" : "QALBSecurityGroup" }}
            ]
        }
    },

    "QANATSecurityGroup" : {
        "Type" : "AWS::EC2::SecurityGroup",
        "Properties" : {
            "VpcId" : { "Ref" : "QAVPC" },
            "GroupDescription" : "Web ports 80, 443, and 8080",
            "SecurityGroupIngress" : [
                {"IpProtocol" : "tcp", "FromPort" : "80", "ToPort" : "80", "CidrIp" : "0.0.0.0/0"},
                {"IpProtocol" : "tcp", "FromPort" : "8080", "ToPort" : "8080", "CidrIp" : "0.0.0.0/0"},
                {"IpProtocol" : "tcp", "FromPort" : "443", "ToPort" : "443", "CidrIp" : "0.0.0.0/0"}
            ]
        }
    },

    "QALBSecurityGroup" : {
        "Type" : "AWS::EC2::SecurityGroup",
        "Properties" : {
            "VpcId" : { "Ref" : "QAVPC" },
            "GroupDescription" : "Web ports 80, 443, and 8080",
            "SecurityGroupIngress" : [
                {"IpProtocol" : "tcp", "FromPort" : "80", "ToPort" : "80", "CidrIp" : "0.0.0.0/0"},
                {"IpProtocol" : "tcp", "FromPort" : "8080", "ToPort" : "8080", "CidrIp" : "0.0.0.0/0"},
                {"IpProtocol" : "tcp", "FromPort" : "6379", "ToPort" : "6379", "CidrIp" : "0.0.0.0/0"},
                {"IpProtocol" : "tcp", "FromPort" : "443", "ToPort" : "443", "CidrIp" : "0.0.0.0/0"}
            ]
        }
    }
 },
     "Outputs" : {

               "OutputQAInstanceSecurityGroup" : {
        "Description" : "Basic web access from load balancer to application instance",
        "Value" : { "Ref" : "QAInstanceSecurityGroup" }
      }
  }
}

